{"cameraMode":{"drawMode":0,"name":"Shaded","section":"Shading Mode"},"sceneLighting":true,"audioPlay":false,"sceneViewState":{"showFog":true,"showMaterialUpdate":false,"showSkybox":true,"showFlares":true,"showImageEffects":true,"showParticleSystems":true},"in2DMode":false,"pivot":{"x":2.5248212814331056,"y":1.1812715530395508,"z":-2.2807815074920656},"rotation":{"x":0.151541069149971,"y":-0.26169735193252566,"z":0.041639797389507297,"w":0.9522783160209656},"size":8.660810470581055,"orthographic":false}